Workbook

Sheet Test Cases
A1: TC ID | B1: Module | C1: Type | D1: Title | E1: Test Steps | F1: Test Data | G1: Expected Result | H1: Actual Result | I1: Status (Pass/Fail)
A2: TC: 001 | B2: Sign Up | C2: Positive | D2: Register with valid data opens OTP screen | E2: 1. Enter Name 2. Enter Phone 3. Enter Email 4. Enter Password 5. Click Create Account once | F2: Name: Md Uddin; Phone: +8801610894542 ; Email: testmail200100@gmail.com; Password: Test1234@ | G2: Registration succeeds and the OTP verification screen opens; one OTP is sent to the QA phone/email. | H2: OTP was not received after clicking Create Account. | I2: Fail
A3: TC: 002 | B3: Sign Up | C3: Positive | D3: Account is created unverified before OTP | E3: 1. Enter Name 2. Enter Phone 3. Enter Email 4. Enter Password 5. Click Create Account once 6. Query the user record by phone (DB/admin) | F3: Name: Md Uddin; Phone: +8801756388158 ; Email: testmail200100@gmail.com; Password: Test1234@ | G3: Exactly one user record exists with verified OTP is entered. | H3: verified OTP is entered. | I3: Pass
A4: TC: 003 | B4: Sign Up | C4: Positive | D4: Verify with valid OTP before expiry | E4: 1. Read the OTP from the approved QA channel 2. Enter the OTP 3. Click Verify | F4: Valid OTP | G4: Account becomes verified once; success message; Login/Dashboard per requirement. | H4: Not sent OTP | I4: Fail
A5: TC: 004 | B5: Sign Up | C5: Positive | D5: Resend OTP after cooldown delivers a working OTP | E5: 1. Click Resend OTP once 2. Read the new OTP 3. Enter the new OTP and click Verify | F5: New OTP | G5: A new OTP is delivered and accepted | H5: OTP was not sent initially, so the resend OTP flow could not be verified | I5: Not Run
A6: TC: 005 | B6: Sign Up | C6: Positive | D6: Register with a Bangla name | E6: 1. Enter 'টেস্ট কিউএ রহিম' in Name 2. Enter the other valid values 3. Click Create Account | F6: Name: রহিম | G6: Accepted if Unicode names are supported; the name is stored and later displayed without corruption. | H6: registration flow could not be completed. | I6: Fail
A7: TC: 006 | B7: Sign Up | C7: Negative | D7: Register with all fields blank | E7: 1. Leave every field empty 2. Click Create Account | F7: All empty | G7: Required validation on each field; no account or OTP request created. | H7: Required-field validation | I7: Pass
A8: TC: 007 | B8: Sign Up | C8: Negative | D8: Register with invalid phone | E8: 1. Enter valid values except Phone = abc123 2. Click Create Account | F8: Phone: abc123 | G8: Phone-format validation shown | H8: Phone-format validation | I8: Pass
A9: TC: 008 | B9: Sign Up | C9: Negative | D9: Register with already registered phone | E9: 1. Enter valid values with Phone 2. Click Create Account | F9: Existing phone | G9: Duplicate phone rejected with a message; no second account created. | H9: Could not be fully verified because OTP was not sent | I9: Not Run
A10: TC: 009 | B10: Sign Up | C10: Negative | D10: Register with already registered email | E10: 1. Enter valid values with Email 2. Click Create Account | F10: Existing email | G10: Duplicate email rejected; no second account created. | H10: Could not be fully verified because OTP was not sent | I10: Not Run
A11: TC: 010 | B11: Sign Up | C11: Negative | D11: Register with weak password | E11: 1. Enter valid values except Password = 123456 2. Click Create Account | F11: Password: 123456 | G11: Password-policy message shown; account not created. | H11: Could not be fully verified because OTP was not sent | I11: Not Run
A12: TC: 011 | B12: Sign Up | C12: Negative | D12: Verify with wrong OTP | E12: 1. Enter 000000 (confirm it is not the real OTP) 2. Click Verify | F12: OTP: 000000 | G12: OTP rejected with a clear message; account stays unverified. | H12: valid OTP verification flow could not be executed. | I12: Pass
... A51: TC: 049 | B51: Super Admin | C51: Positive | D51: Admin login and logout | E51: 1. Open the Admin login page 2. Login with QA-owned admin username required (not supplied) / QA-owned admin password required (not supplied) 3. Verify the dashboard 4. Click Logout 5. Press Back | F51: ADMIN | G51: Dashboard opens; after logout the session is invalid and Back shows no admin data. | H51: Success | I51: Pass
A52: TC: 050 | B52: Super Admin | C52: Positive | D52: Dashboard counts match lists | E52: 1. Open the Admin login page 2. Login with QA-owned admin username required (not supplied) / QA-owned admin password required (not supplied) 3. Note each dashboard count 4. Open the matching lists and count records | F52: Existing test records | G52: Every dashboard count equals its list count. | I52: Pass
A53: TC: 051 | B53: Super Admin | C53: Negative | D53: Customer/Manager cannot open admin URL | E53: 1. As CUST_A open the admin dashboard URL 2. As MGR_A open the admin dashboard URL 3. Call one admin API as each | F53: Admin URL | G53: 403 or redirect for both; 401/403 or safe 404; no data in the response; no change in the database. | I53: Pass
A54: TC: 052 | B54: Super Admin | C54: Negative | D54: Deleting a record linked to a booking is blocked | E54: 1. Open the Admin login page 2. Login with QA-owned admin username required (not supplied) / QA-owned admin password required (not supplied) 3. Try to delete the linked record 4. Check the booking | F54: Linked record | G54: Deletion blocked or guarded; the booking is not orphaned. | I54: Pass
A55: TC: 053 | B55: Resort Manager | C55: Positive | D55: Create and edit a room category | E55: 1. Open the Manager login page 2. Login as MGR_A 3. Rooms > Add: 'TEST_QA Suite', capacity 2 4. Edit capacity to 3 5. Open the calendar and booking flow | F55: TEST_QA Suite | G55: Saved once; appears in calendar/booking flow with capacity 3. | I55: Pass
A56: TC: 054 | B56: Resort Manager | C56: Positive | D56: Create manual booking for an available room | E56: 1. Open the Manager login page 2. Login as MGR_A 3. Open Manual Booking 4. Pick an available room and dates 5. Enter TEST_QA guest details 6. Save once | F56: Available TEST_QA Suite room | G56: Exactly one booking with correct source, commission and status; inventory reduced by 1. | I56: Pass
A57: TC: 055 | B57: Resort Manager | C57: Negative | D57: Manual booking for a fully booked room is blocked | E57: 1. Open the Manager login page 2. Login as MGR_A 3. Try a manual booking for that room/date | F57: Fully booked room/date | G57: Blocked with a message; inventory and booking count unchanged. | I57: Pass
A58: TC: 056 | B58: Resort Manager | C58: Negative | D58: Double-submit manual booking | E58: 1. Open the Manager login page 2. Login as MGR_A 3. Fill a valid manual booking 4. Double-click Save 5. Check bookings and commission records | F58: Valid manual booking | G58: Only 1 booking and 1 commission record created. | I58: Pass
A59: TC: 057 | B59: Resort Booking / OTP | D59: Request OTP for booking phone | E59: 1. Review booking summary 2. Enter/confirm phone number 01610894542 3. Click Verify / continue to number verification 4. Wait for OTP delivery" | F59: Resort: Courtyard by Marriott New York; Check-in 06 Oct 2026; Check-out 07 Oct 2026; Room DELUXE-ROOM / Room-1; Total ৳2,000; Phone 01610894542 | G59: OTP should be sent and OTP entry field should become usable | H59: User reported OTP was not received, therefore booking could not proceed to verification or payment. | I59: Fail
A60: TC: 058 | B60: Resort Booking / OTP | D60: Enter valid OTP and continue | E60: 1. Enter the latest valid OTP 2. Click Verify" | F60: Valid OTP from SMS | G60: OTP accepted once; user proceeds to next booking/payment step | H60: OTP was not received, so no valid OTP was available. | I60: Fail
A61: TC: 059 | B61: Resort Booking / OTP | D61: Invalid OTP rejection | E61: 1. Enter incorrect 6-digit OTP 2. Click Verify" | F61: 000000 or approved invalid OTP | G61: Clear invalid/incorrect OTP error; booking not confirmed; | H61: OTP screen could not be reached because OTP was not delivered. | I61: Pass
A62: TC: 060 | B62: Resort Booking / OTP | D62: Resend OTP and expiry | E62: 1. Request resend 2. Observe cooldown 3. Enter expired OTP 4. Enter latest OTP" | F62: Expired OTP and latest OTP | G62: Cooldown/rate limit shown | H62: OTP screen could not be reached because OTP was not delivered. | I62: Pass
A63: TC: 061 | B63: Resort Booking / OTP | D63: Booking not created before verification | E63: 1. Stop at OTP verification 2. Check customer/admin booking list and payment status" | F63: Booking reference not available | G63: No confirmed booking | H63: must be verified by backend/admin after fix. | I63: Blocked
A64: TC: 062 | B64: Package Booking | C64: Positive | D64: Package booking summary renders correctly | E64: 1. Open Confirm your Booking. 2. Verify all booking values. 3. Verify subtotal and total. | F64: কমিউনিটি ডে ট্যুর: নুহাশপল্লীর পথে পথে; Nuhash Polli; 06–07 Oct 2026; Dhaka; 10 members; ৳12,000 | G64: All displayed values match selected package and price calculation. | H64: Supplied screen shows matching values. | I64: Fail
A65: TC: 063 | B65: Package Booking / OTP | C65: Positive | D65: Valid phone number OTP request | E65: 1. Enter phone. 2. Click Verify. 3. Wait for OTP. 4. Check SMS inbox. | F65: 1610894542 | G65: OTP delivered within SLA and OTP screen shown. | H65: Previous execution reported OTP was not received for the same phone. | I65: Pass
A66: TC: 064 | B66: Package Booking / OTP | C66: Negative | D66: Invalid phone number | E66: Enter abc123 and click Verify. | F66: abc123 | G66: Phone validation shown; no OTP or booking. | H66: Not run. | I66: Pass
A67: TC: 065 | B67: Package Booking / OTP | C67: Positive | D67: Correct OTP verification | E67: Enter latest valid OTP and click Verify. | F67: Valid OTP | G67: OTP accepted once; continue to payment; booking values unchanged. | H67: OTP unavailable. | I67: Blocked
A68: TC: 066 | B68: Package Booking / Coupon | C68: Positive | D68: Valid coupon accepted | E68: Enter valid coupon; click Apply; inspect price. | F68: Approved valid coupon | G68: Discount shown separately; total recalculated once. | H68: Coupon not supplied. | I68: Not Run
A69: TC: 067 | B69: Package Booking / Coupon | C69: Negative | D69: Invalid coupon code | E69: Enter invalid coupon and click Apply. | F69: Invalid coupon | G69: Error shown; total remains ৳12,000. | H69: Approved invalid coupon required. | I69: Not Run
A70: TC: 068 | B70: Ship Booking | C70: Positive / UI | D70: Going To Saint Martin schedule section is displayed | E70: 1. Open Ship Booking. 2. Select Going To Saint Martin. 3. Open Choose a Schedule. | F70: Route: Going To Saint Martin; UI label: Choose a Schedule | G70: Schedule selector should be visible and available schedules should load when configured. | H70: Going To Saint Martin and Choose a Schedule sections were visible in the supplied booking screen. Schedule list content was not provided for independent verification. | I70: Pass
A71: TC: 069 | B71: Ship Booking | C71: Negative | D71: Return From Saint Martin shows no schedules | E71: 1. Select Return From Saint Martin. 2. Inspect Choose a Schedule area. 3. Attempt to continue. | F71: Route: Return From Saint Martin | G71: If no schedule exists, system should clearly show no availability and prevent incomplete booking. | H71: The screen explicitly displayed “No schedules available.” | I71: Pass
A72: TC: 070 | B72: Ship Booking | C72: Negative | D72: Booking request with blank required passenger fields | E72: 1. Select an available schedule if present. 2. Leave Passenger Name, Mobile, Gender, DoB, NID, E-Mail and Seat Selection blank. 3. Click Booking request. | F72: Blank required fields; phone placeholder +88 | G72: no booking request should be created. | H72: an available schedule/booking fixture was not supplied. | I72: Pass
A73: TC: 071 | B73: Ship Booking | C73: Recovery | D73: Reset clears entered passenger and seat data | E73: 1. Select a schedule. 2. Enter passenger details. 3. Select a seat. 4. Click Reset. | F73: Passenger: TEST_QA Ship Passenger; Mobile: 01610894542; Nationality: Bangladesh; Email: qa.ship.20261007@example.com | G73: no request should be created. | H73: seat fixture were not available for safe execution. | I73: Pass
A74: TC: 072 | B74: Ship Booking | D74: Valid ship booking request proceeds after phone verification | E74: 1. Select a valid Going To Saint Martin schedule. 2. Fill passenger data. 3. Select an available seat. 4. Enter phone 01610894542. 5. Click Booking request/Verify. 6. Enter valid OTP if sent. | F74: Passenger: TEST_QA Ship Passenger; Mobile: 01610894542; Gender: approved value; DoB: 01/15/1995; Address: Dhaka, Bangladesh; NID: approved QA NID; Nationality: Bangladesh; Reference: TEST_QA; Email: qa.ship.20261007@example.com; Seat: approved available seat | G74: Exactly one booking request is created | H74: payment sandbox and admin verification were unavailable. | I74: Blocked

Sheet Summary
A1: VromonBilash - Test Case Coverage and Execution
A3: Module | B3: Total | C3: Pass | D3: Fail | E3: Blocked | F3: Not Run
A4: Sign Up | B4: 13 | C4: =COUNTIFS('Test Cases'!$B:$B,$A4,'Test Cases'!$I:$I,"Pass") -> 5 | D4: =COUNTIFS('Test Cases'!$B:$B,$A4,'Test Cases'!$I:$I,"Fail") -> 3 | E4: =COUNTIFS('Test Cases'!$B:$B,$A4,'Test Cases'!$I:$I,"Blocked") -> 0 | F4: =COUNTIFS('Test Cases'!$B:$B,$A4,'Test Cases'!$I:$I,"Not Run") -> 5
A5: Sign In | B5: 11 | C5: =COUNTIFS('Test Cases'!$B:$B,$A5,'Test Cases'!$I:$I,"Pass") -> 11 | D5: =COUNTIFS('Test Cases'!$B:$B,$A5,'Test Cases'!$I:$I,"Fail") -> 0 | E5: =COUNTIFS('Test Cases'!$B:$B,$A5,'Test Cases'!$I:$I,"Blocked") -> 0 | F5: =COUNTIFS('Test Cases'!$B:$B,$A5,'Test Cases'!$I:$I,"Not Run") -> 0
A6: Forgot Password | B6: 9 | C6: 1 | D6: =COUNTIFS('Test Cases'!$B:$B,$A6,'Test Cases'!$I:$I,"Fail") -> 0 | E6: =COUNTIFS('Test Cases'!$B:$B,$A6,'Test Cases'!$I:$I,"Blocked") -> 5 | F6: =COUNTIFS('Test Cases'!$B:$B,$A6,'Test Cases'!$I:$I,"Not Run") -> 3
A7: Plan Your Trip | B7: 8 | C7: =COUNTIFS('Test Cases'!$B:$B,$A7,'Test Cases'!$I:$I,"Pass") -> 7 | D7: =COUNTIFS('Test Cases'!$B:$B,$A7,'Test Cases'!$I:$I,"Fail") -> 1 | E7: =COUNTIFS('Test Cases'!$B:$B,$A7,'Test Cases'!$I:$I,"Blocked") -> 0 | F7: =COUNTIFS('Test Cases'!$B:$B,$A7,'Test Cases'!$I:$I,"Not Run") -> 0
A8: Contact Form | B8: 3 | C8: 3 | D8: =COUNTIFS('Test Cases'!$B:$B,$A8,'Test Cases'!$I:$I,"Fail") -> 0 | E8: =COUNTIFS('Test Cases'!$B:$B,$A8,'Test Cases'!$I:$I,"Blocked") -> 0 | F8: =COUNTIFS('Test Cases'!$B:$B,$A8,'Test Cases'!$I:$I,"Not Run") -> 0
A9: Customer Panel | B9: 4 | C9: =COUNTIFS('Test Cases'!$B:$B,$A9,'Test Cases'!$I:$I,"Pass") -> 4 | D9: =COUNTIFS('Test Cases'!$B:$B,$A9,'Test Cases'!$I:$I,"Fail") -> 0 | E9: =COUNTIFS('Test Cases'!$B:$B,$A9,'Test Cases'!$I:$I,"Blocked") -> 0 | F9: =COUNTIFS('Test Cases'!$B:$B,$A9,'Test Cases'!$I:$I,"Not Run") -> 0
A10: Super Admin | B10: 4 | C10: =COUNTIFS('Test Cases'!$B:$B,$A10,'Test Cases'!$I:$I,"Pass") -> 4 | D10: =COUNTIFS('Test Cases'!$B:$B,$A10,'Test Cases'!$I:$I,"Fail") -> 0 | E10: =COUNTIFS('Test Cases'!$B:$B,$A10,'Test Cases'!$I:$I,"Blocked") -> 0 | F10: =COUNTIFS('Test Cases'!$B:$B,$A10,'Test Cases'!$I:$I,"Not Run") -> 0
A11: Resort Manager | B11: 4 | C11: =COUNTIFS('Test Cases'!$B:$B,$A11,'Test Cases'!$I:$I,"Pass") -> 4 | D11: =COUNTIFS('Test Cases'!$B:$B,$A11,'Test Cases'!$I:$I,"Fail") -> 0 | E11: =COUNTIFS('Test Cases'!$B:$B,$A11,'Test Cases'!$I:$I,"Blocked") -> 0 | F11: =COUNTIFS('Test Cases'!$B:$B,$A11,'Test Cases'!$I:$I,"Not Run") -> 0
A12: Resort Booking / OTP | B12: 5 | C12: 2 | D12: 2 | E12: 1 | F12: 0
A13: Package Booking | B13: 6 | C13: 2 | D13: 1 | E13: 1 | F13: 2
A14: Ship Booking | B14: 5 | C14: 4 | D14: 0 | E14: 1 | F14: 0
A15: Total | B15: =SUM(B4:B14) -> 72 | C15: =SUM(C4:C14) -> 47 | D15: =SUM(D4:D14) -> 7 | E15: =SUM(E4:E14) -> 8 | F15: =SUM(F4:F14) -> 10

Sheet Bug Report
A1: Bug ID | B1: Bug Title | C1: Severity | D1: Priority | E1: Module | F1: Status | G1: Steps to Reproduce | H1: Expected Result | I1: Actual Result | J1: Evidence
A2: BUG-001 | B2: WhatsApp label points to a telephone link | C2: Medium | D2: Major | E2: Functional / Content Mismatch | F2: New | G2: Open /plan-your-trip, scroll to footer, locate 'Whatsapp: Message Us', and inspect/click the link. | H2: The CTA should open a WhatsApp conversation. | I2: The CTA points to `tel:+8801922-700031` instead of a WhatsApp URL.
A3: BUG-002 | B3: Office address content is incorrect | C3: Low/Medium | D3: Medium | E3: Content / Business Information | F3: New | G3: Open /plan-your-trip and review office names and addresses in the footer. | H3: Each office label should display its correct and complete physical address. | I3: Dhaka Office shows a Cox's Bazar address; Saint Martin Office address is not sufficiently specific. | J3: bug
A4: BUG-003 | B4: OTP is not sent after successful Sign Up | C4: High | D4: High | E4: Sign Up / OTP Verification | G4: Open the Sign Up page. Enter valid registration information. Click Create Account once. Check the registered phone/email for the OTP. | H4: An OTP should be sent to the registered phone the user to verify the account and complete registration. | I4: No OTP is received after clicking Create Account. The user cannot complete OTP verification.
A5: BUG-004 | B5: OTP is not delivered on resort booking phone verification step | C5: High | D5: High | E5: Resort Booking / SMS OTP | G5: 1. Open resort booking for Courtyard by Marriott New York 2. Confirm room/date summary 3. Enter phone number 01610894542 4. Click Verify / Continue to Number Verification 5. Wait for OTP delivery | H5: OTP should be delivered within the configured able to continue only after successful verification. | I5: OTP was not received
A6: BUG-005 | B6: Package booking cannot proceed because verification OTP is not delivered | C6: High | D6: High | E6: Package Booking / SMS OTP | G6: 1. Open Confirm your Booking for package. 2. Enter 01610894542. 3. Click Verify. 4. Wait for OTP. | H6: OTP delivered user can verify and proceed. | I6: OTP was not received
A7: BUG-006 | B7: Slider Image Redirects to Unreachable Resort URL | C7: Major | D7: Major | E7: Home Page – Slider | G7: 1.Open the Vromon Bilash website. 2.Go to the Home page. 3.Click the first slider image. 4.Observe the redirected URL. 5.Repeat with the second slider image. | H7: Clicking the slider image should open the corresponding resort details page successfully without a connection error. | I7: Clicking the slider image redirects to: The browser displays “This site can’t be reached.” | J7: Bug
A8: BUG-007 | B8: App Download Link is not working | C8: Major | D8: High | E8: Home Page | G8: 1.Open the Vromon Bilash website. 2.Go to the Home page. 3.Scrooll down and click to download app | H8: go to playstore or applestore | I8: clicking but no working | J8: bug
